title,popular,date
[Live] 湖人 @ 鵜鶘,爆, 4/17
[情報] Terry Rozier 將缺席明天對76人附加賽,49, 4/17
[花邊] 勇士Podz在Curry通過球員通道時跟他敬禮,爆, 4/17
[Live] 勇士 @ 國王,爆, 4/17
[情報] DiVincenzo本季打了81場 但無獲獎資格,42, 4/17
[公告] NBA 樂透開獎,11, 4/17
[BOX ] Lakers 110:106 Pelicans 數據,爆, 4/17
[情報] 湖人首輪對金塊,爆, 4/17
[情報] AD+LBJ罰球數 vs 鵜鶘整隊罰球數,80, 4/17
[討論] 今天Zion的表現各位給幾分,爆, 4/17
[情報] 水鳥教練說胖虎左腳酸痛 明天照MRI,爆, 4/17
[情報] 火腿:覺得湖人要避開金塊的人 都是神經病,爆, 4/17
Re: [情報] 火腿:覺得湖人要避開金塊的人 都是神經病,43, 4/17
[公告] NBA 板 開始舉辦樂透!,N/A, 4/17
[討論] 勇士湖人是近年奪冠隊伍中退步最多的嗎,45, 4/17
[花邊] 西門正在恢復訓練,爆, 4/17
[情報] K湯今日得分0 生涯第五次,爆, 4/17
[發錢] 史上最大團沒季後賽,爆, 4/17
[花邊] 勇士被國王淘汰 無緣季後賽,爆, 4/17
[BOX ] Warriors 94:118 Kings 數據,爆, 4/17
